rsid,gene,population,genotype,count,frequency
rs1426654,SLC24A5,ACB,A|A,2,0.0208333333333333
rs1426654,SLC24A5,ACB,G|G,78,0.8125
rs1426654,SLC24A5,ACB,A|G,16,0.166666666666667
rs1426654,SLC24A5,ASW,G|G,38,0.622950819672131
rs1426654,SLC24A5,ASW,A|G,23,0.377049180327869
rs1426654,SLC24A5,BEB,G|G,19,0.22093023255814
rs1426654,SLC24A5,BEB,A|G,42,0.488372093023256
rs1426654,SLC24A5,BEB,A|A,25,0.290697674418605
rs1426654,SLC24A5,CDX,G|G,93,1.0
rs1426654,SLC24A5,CEU,A|A,99,1.0
rs1426654,SLC24A5,CHB,G|G,97,0.941747572815534
rs1426654,SLC24A5,CHB,A|G,6,0.058252427184466
rs1426654,SLC24A5,CHS,A|G,4,0.0380952380952381
rs1426654,SLC24A5,CHS,G|G,101,0.961904761904762
rs1426654,SLC24A5,CLM,G|G,9,0.0957446808510638
rs1426654,SLC24A5,CLM,A|G,35,0.372340425531915
rs1426654,SLC24A5,CLM,A|A,50,0.531914893617021
rs1426654,SLC24A5,ESN,A|G,5,0.0505050505050505
rs1426654,SLC24A5,ESN,G|G,94,0.94949494949495
rs1426654,SLC24A5,FIN,A|A,97,0.97979797979798
rs1426654,SLC24A5,FIN,A|G,2,0.0202020202020202
rs1426654,SLC24A5,GBR,A|A,91,1.0
rs1426654,SLC24A5,GIH,A|A,93,0.902912621359223
rs1426654,SLC24A5,GIH,A|G,10,0.0970873786407767
rs1426654,SLC24A5,GWD,A|A,1,0.00884955752212389
rs1426654,SLC24A5,GWD,A|G,15,0.132743362831858
rs1426654,SLC24A5,GWD,G|G,97,0.858407079646018
rs1426654,SLC24A5,IBS,A|A,107,1.0
rs1426654,SLC24A5,ITU,A|A,44,0.431372549019608
rs1426654,SLC24A5,ITU,A|G,45,0.441176470588235
rs1426654,SLC24A5,ITU,G|G,13,0.127450980392157
rs1426654,SLC24A5,JPT,A|G,1,0.00961538461538462
rs1426654,SLC24A5,JPT,G|G,103,0.990384615384615
rs1426654,SLC24A5,KHV,A|G,1,0.0101010101010101
rs1426654,SLC24A5,KHV,G|G,98,0.98989898989899
rs1426654,SLC24A5,LWK,G|G,85,0.858585858585859
rs1426654,SLC24A5,LWK,A|G,13,0.131313131313131
rs1426654,SLC24A5,LWK,A|A,1,0.0101010101010101
rs1426654,SLC24A5,MSL,A|A,1,0.0117647058823529
rs1426654,SLC24A5,MSL,G|G,71,0.835294117647059
rs1426654,SLC24A5,MSL,A|G,13,0.152941176470588
rs1426654,SLC24A5,MXL,G|G,17,0.265625
rs1426654,SLC24A5,MXL,A|G,28,0.4375
rs1426654,SLC24A5,MXL,A|A,19,0.296875
rs1426654,SLC24A5,PEL,A|A,6,0.0705882352941176
rs1426654,SLC24A5,PEL,G|G,43,0.505882352941176
rs1426654,SLC24A5,PEL,A|G,36,0.423529411764706
rs1426654,SLC24A5,PJL,A|A,61,0.635416666666667
rs1426654,SLC24A5,PJL,A|G,28,0.291666666666667
rs1426654,SLC24A5,PJL,G|G,7,0.0729166666666667
rs1426654,SLC24A5,PUR,G|G,8,0.0769230769230769
rs1426654,SLC24A5,PUR,A|G,32,0.307692307692308
rs1426654,SLC24A5,PUR,A|A,64,0.615384615384615
rs1426654,SLC24A5,STU,A|A,25,0.245098039215686
rs1426654,SLC24A5,STU,A|G,49,0.480392156862745
rs1426654,SLC24A5,STU,G|G,28,0.274509803921569
rs1426654,SLC24A5,TSI,A|A,106,0.990654205607477
rs1426654,SLC24A5,TSI,A|G,1,0.00934579439252336
rs1426654,SLC24A5,YRI,A|G,3,0.0277777777777778
rs1426654,SLC24A5,YRI,G|G,105,0.972222222222222
rs16891982,SLC45A2,ACB,G|G,1,0.0104166666666667
rs16891982,SLC45A2,ACB,C|C,80,0.833333333333333
rs16891982,SLC45A2,ACB,C|G,15,0.15625
rs16891982,SLC45A2,ASW,C|G,22,0.360655737704918
rs16891982,SLC45A2,ASW,C|C,37,0.60655737704918
rs16891982,SLC45A2,ASW,G|G,2,0.0327868852459016
rs16891982,SLC45A2,BEB,C|G,7,0.0813953488372093
rs16891982,SLC45A2,BEB,C|C,79,0.918604651162791
rs16891982,SLC45A2,CDX,C|C,93,1.0
rs16891982,SLC45A2,CEU,G|G,95,0.95959595959596
rs16891982,SLC45A2,CEU,C|G,4,0.0404040404040404
rs16891982,SLC45A2,CHB,C|G,3,0.029126213592233
rs16891982,SLC45A2,CHB,C|C,100,0.970873786407767
rs16891982,SLC45A2,CHS,C|G,1,0.00952380952380952
rs16891982,SLC45A2,CHS,C|C,104,0.990476190476191
rs16891982,SLC45A2,CLM,C|G,38,0.404255319148936
rs16891982,SLC45A2,CLM,C|C,15,0.159574468085106
rs16891982,SLC45A2,CLM,G|G,41,0.436170212765957
rs16891982,SLC45A2,ESN,C|C,99,1.0
rs16891982,SLC45A2,FIN,C|G,8,0.0808080808080808
rs16891982,SLC45A2,FIN,G|G,91,0.919191919191919
rs16891982,SLC45A2,GBR,C|G,4,0.043956043956044
rs16891982,SLC45A2,GBR,G|G,87,0.956043956043956
rs16891982,SLC45A2,GIH,C|G,18,0.174757281553398
rs16891982,SLC45A2,GIH,C|C,85,0.825242718446602
rs16891982,SLC45A2,GWD,C|C,112,0.991150442477876
rs16891982,SLC45A2,GWD,C|G,1,0.00884955752212389
rs16891982,SLC45A2,IBS,G|G,71,0.663551401869159
rs16891982,SLC45A2,IBS,C|C,3,0.0280373831775701
rs16891982,SLC45A2,IBS,C|G,33,0.308411214953271
rs16891982,SLC45A2,ITU,G|G,1,0.00980392156862745
rs16891982,SLC45A2,ITU,C|G,8,0.0784313725490196
rs16891982,SLC45A2,ITU,C|C,93,0.911764705882353
rs16891982,SLC45A2,JPT,C|C,104,1.0
rs16891982,SLC45A2,KHV,C|C,97,0.97979797979798
rs16891982,SLC45A2,KHV,C|G,2,0.0202020202020202
rs16891982,SLC45A2,LWK,C|G,1,0.0101010101010101
rs16891982,SLC45A2,LWK,C|C,98,0.98989898989899
rs16891982,SLC45A2,MSL,C|G,2,0.0235294117647059
rs16891982,SLC45A2,MSL,C|C,83,0.976470588235294
rs16891982,SLC45A2,MXL,G|G,13,0.203125
rs16891982,SLC45A2,MXL,C|G,27,0.421875
rs16891982,SLC45A2,MXL,C|C,24,0.375
rs16891982,SLC45A2,PEL,G|G,3,0.0352941176470588
rs16891982,SLC45A2,PEL,C|G,21,0.247058823529412
rs16891982,SLC45A2,PEL,C|C,61,0.717647058823529
rs16891982,SLC45A2,PJL,C|G,11,0.114583333333333
rs16891982,SLC45A2,PJL,C|C,85,0.885416666666667
rs16891982,SLC45A2,PUR,G|G,41,0.394230769230769
rs16891982,SLC45A2,PUR,C|G,40,0.384615384615385
rs16891982,SLC45A2,PUR,C|C,23,0.221153846153846
rs16891982,SLC45A2,STU,C|G,8,0.0784313725490196
rs16891982,SLC45A2,STU,C|C,92,0.901960784313726
rs16891982,SLC45A2,STU,G|G,2,0.0196078431372549
rs16891982,SLC45A2,TSI,C|G,5,0.0467289719626168
rs16891982,SLC45A2,TSI,C|C,1,0.00934579439252336
rs16891982,SLC45A2,TSI,G|G,101,0.94392523364486
rs16891982,SLC45A2,YRI,C|C,108,1.0
rs12913832,HERC2/OCA2,ACB,A|A,82,0.854166666666667
rs12913832,HERC2/OCA2,ACB,A|G,13,0.135416666666667
rs12913832,HERC2/OCA2,ACB,G|G,1,0.0104166666666667
rs12913832,HERC2/OCA2,ASW,A|A,45,0.737704918032787
rs12913832,HERC2/OCA2,ASW,A|G,15,0.245901639344262
rs12913832,HERC2/OCA2,ASW,G|G,1,0.0163934426229508
rs12913832,HERC2/OCA2,BEB,A|G,17,0.197674418604651
rs12913832,HERC2/OCA2,BEB,A|A,69,0.802325581395349
rs12913832,HERC2/OCA2,CDX,A|A,93,1.0
rs12913832,HERC2/OCA2,CEU,A|A,4,0.0404040404040404
rs12913832,HERC2/OCA2,CEU,A|G,38,0.383838383838384
rs12913832,HERC2/OCA2,CEU,G|G,57,0.575757575757576
rs12913832,HERC2/OCA2,CHB,A|A,103,1.0
rs12913832,HERC2/OCA2,CHS,A|G,2,0.019047619047619
rs12913832,HERC2/OCA2,CHS,A|A,103,0.980952380952381
rs12913832,HERC2/OCA2,CLM,G|G,6,0.0638297872340425
rs12913832,HERC2/OCA2,CLM,A|A,50,0.531914893617021
rs12913832,HERC2/OCA2,CLM,A|G,38,0.404255319148936
rs12913832,HERC2/OCA2,ESN,A|A,99,1.0
rs12913832,HERC2/OCA2,FIN,A|G,18,0.181818181818182
rs12913832,HERC2/OCA2,FIN,G|G,81,0.818181818181818
rs12913832,HERC2/OCA2,GBR,G|G,62,0.681318681318681
rs12913832,HERC2/OCA2,GBR,A|G,25,0.274725274725275
rs12913832,HERC2/OCA2,GBR,A|A,4,0.043956043956044
rs12913832,HERC2/OCA2,GIH,A|A,86,0.83495145631068
rs12913832,HERC2/OCA2,GIH,A|G,17,0.16504854368932
rs12913832,HERC2/OCA2,GWD,A|G,5,0.0442477876106195
rs12913832,HERC2/OCA2,GWD,A|A,108,0.955752212389381
rs12913832,HERC2/OCA2,IBS,A|G,49,0.457943925233645
rs12913832,HERC2/OCA2,IBS,A|A,48,0.448598130841121
rs12913832,HERC2/OCA2,IBS,G|G,10,0.0934579439252336
rs12913832,HERC2/OCA2,ITU,A|A,92,0.901960784313726
rs12913832,HERC2/OCA2,ITU,A|G,10,0.0980392156862745
rs12913832,HERC2/OCA2,JPT,A|A,104,1.0
rs12913832,HERC2/OCA2,KHV,A|A,99,1.0
rs12913832,HERC2/OCA2,LWK,A|A,99,1.0
rs12913832,HERC2/OCA2,MSL,A|A,85,1.0
rs12913832,HERC2/OCA2,MXL,A|G,11,0.171875
rs12913832,HERC2/OCA2,MXL,A|A,47,0.734375
rs12913832,HERC2/OCA2,MXL,G|G,6,0.09375
rs12913832,HERC2/OCA2,PEL,A|G,19,0.223529411764706
rs12913832,HERC2/OCA2,PEL,A|A,66,0.776470588235294
rs12913832,HERC2/OCA2,PJL,G|G,2,0.0208333333333333
rs12913832,HERC2/OCA2,PJL,A|A,79,0.822916666666667
rs12913832,HERC2/OCA2,PJL,A|G,15,0.15625
rs12913832,HERC2/OCA2,PUR,G|G,8,0.0769230769230769
rs12913832,HERC2/OCA2,PUR,A|A,64,0.615384615384615
rs12913832,HERC2/OCA2,PUR,A|G,32,0.307692307692308
rs12913832,HERC2/OCA2,STU,A|G,6,0.0588235294117647
rs12913832,HERC2/OCA2,STU,A|A,96,0.941176470588235
rs12913832,HERC2/OCA2,TSI,G|G,17,0.158878504672897
rs12913832,HERC2/OCA2,TSI,A|A,34,0.317757009345794
rs12913832,HERC2/OCA2,TSI,A|G,56,0.523364485981308
rs12913832,HERC2/OCA2,YRI,A|A,108,1.0
rs1800407,OCA2,ACB,C|C,94,0.979166666666667
rs1800407,OCA2,ACB,C|T,2,0.0208333333333333
rs1800407,OCA2,ASW,C|C,61,1.0
rs1800407,OCA2,BEB,C|T,6,0.0697674418604651
rs1800407,OCA2,BEB,C|C,80,0.930232558139535
rs1800407,OCA2,CDX,C|C,93,1.0
rs1800407,OCA2,CEU,C|T,14,0.141414141414141
rs1800407,OCA2,CEU,C|C,84,0.848484848484849
rs1800407,OCA2,CEU,T|T,1,0.0101010101010101
rs1800407,OCA2,CHB,C|C,102,0.990291262135922
rs1800407,OCA2,CHB,C|T,1,0.00970873786407767
rs1800407,OCA2,CHS,C|C,105,1.0
rs1800407,OCA2,CLM,C|T,9,0.0957446808510638
rs1800407,OCA2,CLM,C|C,85,0.904255319148936
rs1800407,OCA2,ESN,C|C,99,1.0
rs1800407,OCA2,FIN,C|C,94,0.94949494949495
rs1800407,OCA2,FIN,C|T,5,0.0505050505050505
rs1800407,OCA2,GBR,T|T,1,0.010989010989011
rs1800407,OCA2,GBR,C|C,79,0.868131868131868
rs1800407,OCA2,GBR,C|T,11,0.120879120879121
rs1800407,OCA2,GIH,C|C,100,0.970873786407767
rs1800407,OCA2,GIH,C|T,3,0.029126213592233
rs1800407,OCA2,GWD,C|C,113,1.0
rs1800407,OCA2,IBS,C|C,87,0.813084112149533
rs1800407,OCA2,IBS,C|T,19,0.177570093457944
rs1800407,OCA2,IBS,T|T,1,0.00934579439252336
rs1800407,OCA2,ITU,C|T,5,0.0490196078431373
rs1800407,OCA2,ITU,C|C,97,0.950980392156863
rs1800407,OCA2,JPT,C|C,104,1.0
rs1800407,OCA2,KHV,C|C,99,1.0
rs1800407,OCA2,LWK,C|C,99,1.0
rs1800407,OCA2,MSL,C|C,85,1.0
rs1800407,OCA2,MXL,C|T,4,0.0625
rs1800407,OCA2,MXL,C|C,60,0.9375
rs1800407,OCA2,PEL,C|C,85,1.0
rs1800407,OCA2,PJL,C|C,88,0.916666666666667
rs1800407,OCA2,PJL,C|T,8,0.0833333333333333
rs1800407,OCA2,PUR,C|T,9,0.0865384615384615
rs1800407,OCA2,PUR,C|C,95,0.913461538461538
rs1800407,OCA2,STU,C|C,98,0.96078431372549
rs1800407,OCA2,STU,C|T,4,0.0392156862745098
rs1800407,OCA2,TSI,T|T,2,0.0186915887850467
rs1800407,OCA2,TSI,C|T,17,0.158878504672897
rs1800407,OCA2,TSI,C|C,88,0.822429906542056
rs1800407,OCA2,YRI,C|C,108,1.0
rs885479,MC1R,ACB,G|G,93,0.96875
rs885479,MC1R,ACB,A|G,3,0.03125
rs885479,MC1R,ASW,A|G,4,0.0655737704918033
rs885479,MC1R,ASW,A|A,1,0.0163934426229508
rs885479,MC1R,ASW,G|G,56,0.918032786885246
rs885479,MC1R,BEB,G|G,73,0.848837209302326
rs885479,MC1R,BEB,A|G,13,0.151162790697674
rs885479,MC1R,CDX,A|A,26,0.279569892473118
rs885479,MC1R,CDX,A|G,47,0.505376344086022
rs885479,MC1R,CDX,G|G,20,0.21505376344086
rs885479,MC1R,CEU,A|G,16,0.161616161616162
rs885479,MC1R,CEU,G|G,83,0.838383838383838
rs885479,MC1R,CHB,A|A,35,0.339805825242718
rs885479,MC1R,CHB,A|G,62,0.601941747572815
rs885479,MC1R,CHB,G|G,6,0.058252427184466
rs885479,MC1R,CHS,A|G,63,0.6
rs885479,MC1R,CHS,A|A,31,0.295238095238095
rs885479,MC1R,CHS,G|G,11,0.104761904761905
rs885479,MC1R,CLM,G|G,59,0.627659574468085
rs885479,MC1R,CLM,A|A,4,0.0425531914893617
rs885479,MC1R,CLM,A|G,31,0.329787234042553
rs885479,MC1R,ESN,G|G,99,1.0
rs885479,MC1R,FIN,G|G,70,0.707070707070707
rs885479,MC1R,FIN,A|G,24,0.242424242424242
rs885479,MC1R,FIN,A|A,5,0.0505050505050505
rs885479,MC1R,GBR,G|G,77,0.846153846153846
rs885479,MC1R,GBR,A|G,14,0.153846153846154
rs885479,MC1R,GIH,G|G,101,0.980582524271845
rs885479,MC1R,GIH,A|G,1,0.00970873786407767
rs885479,MC1R,GIH,A|A,1,0.00970873786407767
rs885479,MC1R,GWD,G|G,113,1.0
rs885479,MC1R,IBS,G|G,103,0.962616822429907
rs885479,MC1R,IBS,A|G,4,0.0373831775700935
rs885479,MC1R,ITU,G|G,95,0.931372549019608
rs885479,MC1R,ITU,A|A,2,0.0196078431372549
rs885479,MC1R,ITU,A|G,5,0.0490196078431373
rs885479,MC1R,JPT,A|A,56,0.538461538461538
rs885479,MC1R,JPT,A|G,42,0.403846153846154
rs885479,MC1R,JPT,G|G,6,0.0576923076923077
rs885479,MC1R,KHV,A|G,47,0.474747474747475
rs885479,MC1R,KHV,A|A,32,0.323232323232323
rs885479,MC1R,KHV,G|G,20,0.202020202020202
rs885479,MC1R,LWK,G|G,99,1.0
rs885479,MC1R,MSL,G|G,85,1.0
rs885479,MC1R,MXL,G|G,23,0.359375
rs885479,MC1R,MXL,A|A,9,0.140625
rs885479,MC1R,MXL,A|G,32,0.5
rs885479,MC1R,PEL,G|G,12,0.141176470588235
rs885479,MC1R,PEL,A|A,37,0.435294117647059
rs885479,MC1R,PEL,A|G,36,0.423529411764706
rs885479,MC1R,PJL,G|G,89,0.927083333333333
rs885479,MC1R,PJL,A|G,7,0.0729166666666667
rs885479,MC1R,PUR,G|G,85,0.817307692307692
rs885479,MC1R,PUR,A|A,1,0.00961538461538462
rs885479,MC1R,PUR,A|G,18,0.173076923076923
rs885479,MC1R,STU,A|G,7,0.0686274509803922
rs885479,MC1R,STU,G|G,95,0.931372549019608
rs885479,MC1R,TSI,G|G,105,0.981308411214953
rs885479,MC1R,TSI,A|G,2,0.0186915887850467
rs885479,MC1R,YRI,G|G,108,1.0
rs1393350,TYR,ACB,A|G,5,0.0520833333333333
rs1393350,TYR,ACB,G|G,90,0.9375
rs1393350,TYR,ACB,A|A,1,0.0104166666666667
rs1393350,TYR,ASW,G|G,58,0.950819672131147
rs1393350,TYR,ASW,A|G,2,0.0327868852459016
rs1393350,TYR,ASW,A|A,1,0.0163934426229508
rs1393350,TYR,BEB,A|G,7,0.0813953488372093
rs1393350,TYR,BEB,G|G,79,0.918604651162791
rs1393350,TYR,CDX,G|G,93,1.0
rs1393350,TYR,CEU,A|G,32,0.323232323232323
rs1393350,TYR,CEU,G|G,59,0.595959595959596
rs1393350,TYR,CEU,A|A,8,0.0808080808080808
rs1393350,TYR,CHB,G|G,103,1.0
rs1393350,TYR,CHS,G|G,105,1.0
rs1393350,TYR,CLM,G|G,75,0.797872340425532
rs1393350,TYR,CLM,A|G,19,0.202127659574468
rs1393350,TYR,ESN,G|G,99,1.0
rs1393350,TYR,FIN,A|G,31,0.313131313131313
rs1393350,TYR,FIN,G|G,67,0.676767676767677
rs1393350,TYR,FIN,A|A,1,0.0101010101010101
rs1393350,TYR,GBR,A|G,40,0.43956043956044
rs1393350,TYR,GBR,G|G,46,0.505494505494505
rs1393350,TYR,GBR,A|A,5,0.0549450549450549
rs1393350,TYR,GIH,A|A,1,0.00970873786407767
rs1393350,TYR,GIH,G|G,81,0.786407766990291
rs1393350,TYR,GIH,A|G,21,0.203883495145631
rs1393350,TYR,GWD,G|G,113,1.0
rs1393350,TYR,IBS,A|A,6,0.0560747663551402
rs1393350,TYR,IBS,G|G,52,0.485981308411215
rs1393350,TYR,IBS,A|G,49,0.457943925233645
rs1393350,TYR,ITU,G|G,101,0.990196078431373
rs1393350,TYR,ITU,A|G,1,0.00980392156862745
rs1393350,TYR,JPT,G|G,104,1.0
rs1393350,TYR,KHV,G|G,96,0.96969696969697
rs1393350,TYR,KHV,A|G,3,0.0303030303030303
rs1393350,TYR,LWK,G|G,99,1.0
rs1393350,TYR,MSL,G|G,85,1.0
rs1393350,TYR,MXL,A|G,16,0.25
rs1393350,TYR,MXL,G|G,47,0.734375
rs1393350,TYR,MXL,A|A,1,0.015625
rs1393350,TYR,PEL,G|G,75,0.882352941176471
rs1393350,TYR,PEL,A|G,9,0.105882352941176
rs1393350,TYR,PEL,A|A,1,0.0117647058823529
rs1393350,TYR,PJL,G|G,83,0.864583333333333
rs1393350,TYR,PJL,A|G,13,0.135416666666667
rs1393350,TYR,PUR,A|A,2,0.0192307692307692
rs1393350,TYR,PUR,A|G,33,0.317307692307692
rs1393350,TYR,PUR,G|G,69,0.663461538461538
rs1393350,TYR,STU,A|G,9,0.0882352941176471
rs1393350,TYR,STU,G|G,93,0.911764705882353
rs1393350,TYR,TSI,A|G,47,0.439252336448598
rs1393350,TYR,TSI,G|G,57,0.532710280373832
rs1393350,TYR,TSI,A|A,3,0.0280373831775701
rs1393350,TYR,YRI,G|G,108,1.0
rs12203592,IRF4,ACB,C|T,3,0.03125
rs12203592,IRF4,ACB,C|C,93,0.96875
rs12203592,IRF4,ASW,T|T,1,0.0163934426229508
rs12203592,IRF4,ASW,C|C,54,0.885245901639344
rs12203592,IRF4,ASW,C|T,6,0.0983606557377049
rs12203592,IRF4,BEB,C|C,86,1.0
rs12203592,IRF4,CDX,C|C,93,1.0
rs12203592,IRF4,CEU,C|T,26,0.262626262626263
rs12203592,IRF4,CEU,T|T,3,0.0303030303030303
rs12203592,IRF4,CEU,C|C,70,0.707070707070707
rs12203592,IRF4,CHB,C|C,103,1.0
rs12203592,IRF4,CHS,C|C,105,1.0
rs12203592,IRF4,CLM,C|T,7,0.074468085106383
rs12203592,IRF4,CLM,C|C,87,0.925531914893617
rs12203592,IRF4,ESN,C|C,99,1.0
rs12203592,IRF4,FIN,C|C,94,0.94949494949495
rs12203592,IRF4,FIN,C|T,5,0.0505050505050505
rs12203592,IRF4,GBR,C|T,27,0.296703296703297
rs12203592,IRF4,GBR,C|C,61,0.67032967032967
rs12203592,IRF4,GBR,T|T,3,0.032967032967033
rs12203592,IRF4,GIH,C|C,103,1.0
rs12203592,IRF4,GWD,C|C,113,1.0
rs12203592,IRF4,IBS,T|T,1,0.00934579439252336
rs12203592,IRF4,IBS,C|C,81,0.757009345794392
rs12203592,IRF4,IBS,C|T,25,0.233644859813084
rs12203592,IRF4,ITU,C|C,100,0.980392156862745
rs12203592,IRF4,ITU,C|T,2,0.0196078431372549
rs12203592,IRF4,JPT,C|C,104,1.0
rs12203592,IRF4,KHV,C|C,99,1.0
rs12203592,IRF4,LWK,C|C,99,1.0
rs12203592,IRF4,MSL,C|C,85,1.0
rs12203592,IRF4,MXL,C|C,54,0.84375
rs12203592,IRF4,MXL,T|T,1,0.015625
rs12203592,IRF4,MXL,C|T,9,0.140625
rs12203592,IRF4,PEL,C|C,80,0.941176470588235
rs12203592,IRF4,PEL,C|T,5,0.0588235294117647
rs12203592,IRF4,PJL,C|C,93,0.96875
rs12203592,IRF4,PJL,C|T,3,0.03125
rs12203592,IRF4,PUR,C|T,25,0.240384615384615
rs12203592,IRF4,PUR,T|T,1,0.00961538461538462
rs12203592,IRF4,PUR,C|C,78,0.75
rs12203592,IRF4,STU,C|T,1,0.00980392156862745
rs12203592,IRF4,STU,C|C,101,0.990196078431373
rs12203592,IRF4,TSI,C|C,89,0.831775700934579
rs12203592,IRF4,TSI,T|T,2,0.0186915887850467
rs12203592,IRF4,TSI,C|T,16,0.149532710280374
rs12203592,IRF4,YRI,C|C,108,1.0
rs3827760,EDAR,ACB,A|A,96,1.0
rs3827760,EDAR,ASW,A|A,58,0.950819672131147
rs3827760,EDAR,ASW,A|G,2,0.0327868852459016
rs3827760,EDAR,ASW,G|G,1,0.0163934426229508
rs3827760,EDAR,BEB,A|A,77,0.895348837209302
rs3827760,EDAR,BEB,A|G,9,0.104651162790698
rs3827760,EDAR,CDX,A|G,15,0.161290322580645
rs3827760,EDAR,CDX,G|G,76,0.817204301075269
rs3827760,EDAR,CDX,A|A,2,0.021505376344086
rs3827760,EDAR,CEU,A|A,99,1.0
rs3827760,EDAR,CHB,A|G,13,0.12621359223301
rs3827760,EDAR,CHB,G|G,90,0.87378640776699
rs3827760,EDAR,CHS,A|G,16,0.152380952380952
rs3827760,EDAR,CHS,G|G,87,0.828571428571429
rs3827760,EDAR,CHS,A|A,2,0.019047619047619
rs3827760,EDAR,CLM,A|A,54,0.574468085106383
rs3827760,EDAR,CLM,G|G,5,0.0531914893617021
rs3827760,EDAR,CLM,A|G,35,0.372340425531915
rs3827760,EDAR,ESN,A|A,99,1.0
rs3827760,EDAR,FIN,A|A,88,0.888888888888889
rs3827760,EDAR,FIN,A|G,11,0.111111111111111
rs3827760,EDAR,GBR,A|A,91,1.0
rs3827760,EDAR,GIH,A|G,3,0.029126213592233
rs3827760,EDAR,GIH,A|A,100,0.970873786407767
rs3827760,EDAR,GWD,A|A,113,1.0
rs3827760,EDAR,IBS,A|A,107,1.0
rs3827760,EDAR,ITU,A|A,102,1.0
rs3827760,EDAR,JPT,G|G,68,0.653846153846154
rs3827760,EDAR,JPT,A|G,31,0.298076923076923
rs3827760,EDAR,JPT,A|A,5,0.0480769230769231
rs3827760,EDAR,KHV,G|G,67,0.676767676767677
rs3827760,EDAR,KHV,A|G,29,0.292929292929293
rs3827760,EDAR,KHV,A|A,3,0.0303030303030303
rs3827760,EDAR,LWK,A|A,99,1.0
rs3827760,EDAR,MSL,A|A,85,1.0
rs3827760,EDAR,MXL,G|G,19,0.296875
rs3827760,EDAR,MXL,A|G,24,0.375
rs3827760,EDAR,MXL,A|A,21,0.328125
rs3827760,EDAR,PEL,A|G,29,0.341176470588235
rs3827760,EDAR,PEL,G|G,50,0.588235294117647
rs3827760,EDAR,PEL,A|A,6,0.0705882352941176
rs3827760,EDAR,PJL,A|A,96,1.0
rs3827760,EDAR,PUR,A|A,69,0.663461538461538
rs3827760,EDAR,PUR,G|G,1,0.00961538461538462
rs3827760,EDAR,PUR,A|G,34,0.326923076923077
rs3827760,EDAR,STU,A|G,1,0.00980392156862745
rs3827760,EDAR,STU,A|A,101,0.990196078431373
rs3827760,EDAR,TSI,A|A,107,1.0
rs3827760,EDAR,YRI,A|A,108,1.0
rs8176719,ABO,ACB,-|-,44,0.458333333333333
rs8176719,ABO,ACB,C|C,12,0.125
rs8176719,ABO,ACB,-|C,40,0.416666666666667
rs8176719,ABO,ASW,-|-,29,0.475409836065574
rs8176719,ABO,ASW,C|C,5,0.0819672131147541
rs8176719,ABO,ASW,-|C,27,0.442622950819672
rs8176719,ABO,BEB,C|C,17,0.197674418604651
rs8176719,ABO,BEB,-|-,22,0.255813953488372
rs8176719,ABO,BEB,-|C,47,0.546511627906977
rs8176719,ABO,CDX,-|-,47,0.505376344086022
rs8176719,ABO,CDX,C|C,7,0.0752688172043011
rs8176719,ABO,CDX,-|C,39,0.419354838709677
rs8176719,ABO,CEU,-|-,40,0.404040404040404
rs8176719,ABO,CEU,C|C,16,0.161616161616162
rs8176719,ABO,CEU,-|C,43,0.434343434343434
rs8176719,ABO,CHB,-|-,41,0.398058252427184
rs8176719,ABO,CHB,C|C,19,0.184466019417476
rs8176719,ABO,CHB,-|C,43,0.41747572815534
rs8176719,ABO,CHS,-|C,51,0.485714285714286
rs8176719,ABO,CHS,-|-,35,0.333333333333333
rs8176719,ABO,CHS,C|C,19,0.180952380952381
rs8176719,ABO,CLM,-|-,64,0.680851063829787
rs8176719,ABO,CLM,C|C,7,0.074468085106383
rs8176719,ABO,CLM,-|C,23,0.24468085106383
rs8176719,ABO,ESN,-|-,59,0.595959595959596
rs8176719,ABO,ESN,C|C,8,0.0808080808080808
rs8176719,ABO,ESN,-|C,32,0.323232323232323
rs8176719,ABO,FIN,-|C,44,0.444444444444444
rs8176719,ABO,FIN,-|-,29,0.292929292929293
rs8176719,ABO,FIN,C|C,26,0.262626262626263
rs8176719,ABO,GBR,-|C,50,0.549450549450549
rs8176719,ABO,GBR,C|C,6,0.0659340659340659
rs8176719,ABO,GBR,-|-,35,0.384615384615385
rs8176719,ABO,GIH,C|C,19,0.184466019417476
rs8176719,ABO,GIH,-|-,35,0.339805825242718
rs8176719,ABO,GIH,-|C,49,0.475728155339806
rs8176719,ABO,GWD,C|C,14,0.123893805309735
rs8176719,ABO,GWD,-|-,49,0.433628318584071
rs8176719,ABO,GWD,-|C,50,0.442477876106195
rs8176719,ABO,IBS,-|-,44,0.411214953271028
rs8176719,ABO,IBS,C|C,15,0.14018691588785
rs8176719,ABO,IBS,-|C,48,0.448598130841121
rs8176719,ABO,ITU,-|C,57,0.558823529411765
rs8176719,ABO,ITU,-|-,36,0.352941176470588
rs8176719,ABO,ITU,C|C,9,0.0882352941176471
rs8176719,ABO,JPT,-|C,57,0.548076923076923
rs8176719,ABO,JPT,C|C,16,0.153846153846154
rs8176719,ABO,JPT,-|-,31,0.298076923076923
rs8176719,ABO,KHV,-|C,47,0.474747474747475
rs8176719,ABO,KHV,C|C,12,0.121212121212121
rs8176719,ABO,KHV,-|-,40,0.404040404040404
rs8176719,ABO,LWK,-|C,39,0.393939393939394
rs8176719,ABO,LWK,-|-,51,0.515151515151515
rs8176719,ABO,LWK,C|C,9,0.0909090909090909
rs8176719,ABO,MSL,-|-,42,0.494117647058824
rs8176719,ABO,MSL,C|C,12,0.141176470588235
rs8176719,ABO,MSL,-|C,31,0.364705882352941
rs8176719,ABO,MXL,-|C,20,0.3125
rs8176719,ABO,MXL,C|C,6,0.09375
rs8176719,ABO,MXL,-|-,38,0.59375
rs8176719,ABO,PEL,C|C,5,0.0588235294117647
rs8176719,ABO,PEL,-|-,60,0.705882352941177
rs8176719,ABO,PEL,-|C,20,0.235294117647059
rs8176719,ABO,PJL,-|C,45,0.46875
rs8176719,ABO,PJL,C|C,17,0.177083333333333
rs8176719,ABO,PJL,-|-,34,0.354166666666667
rs8176719,ABO,PUR,-|C,46,0.442307692307692
rs8176719,ABO,PUR,-|-,50,0.480769230769231
rs8176719,ABO,PUR,C|C,8,0.0769230769230769
rs8176719,ABO,STU,-|C,54,0.529411764705882
rs8176719,ABO,STU,-|-,40,0.392156862745098
rs8176719,ABO,STU,C|C,8,0.0784313725490196
rs8176719,ABO,TSI,C|C,21,0.196261682242991
rs8176719,ABO,TSI,-|-,42,0.392523364485981
rs8176719,ABO,TSI,-|C,44,0.411214953271028
rs8176719,ABO,YRI,-|C,40,0.37037037037037
rs8176719,ABO,YRI,-|-,63,0.583333333333333
rs8176719,ABO,YRI,C|C,5,0.0462962962962963
rs4988235,LCT/MCM6,ACB,A|G,11,0.114583333333333
rs4988235,LCT/MCM6,ACB,A|A,1,0.0104166666666667
rs4988235,LCT/MCM6,ACB,G|G,84,0.875
rs4988235,LCT/MCM6,ASW,A|G,15,0.245901639344262
rs4988235,LCT/MCM6,ASW,G|G,43,0.704918032786885
rs4988235,LCT/MCM6,ASW,A|A,3,0.0491803278688525
rs4988235,LCT/MCM6,BEB,G|G,76,0.883720930232558
rs4988235,LCT/MCM6,BEB,A|G,10,0.116279069767442
rs4988235,LCT/MCM6,CDX,G|G,93,1.0
rs4988235,LCT/MCM6,CEU,G|G,7,0.0707070707070707
rs4988235,LCT/MCM6,CEU,A|A,54,0.545454545454545
rs4988235,LCT/MCM6,CEU,A|G,38,0.383838383838384
rs4988235,LCT/MCM6,CHB,G|G,103,1.0
rs4988235,LCT/MCM6,CHS,G|G,105,1.0
rs4988235,LCT/MCM6,CLM,A|A,13,0.138297872340426
rs4988235,LCT/MCM6,CLM,G|G,49,0.521276595744681
rs4988235,LCT/MCM6,CLM,A|G,32,0.340425531914894
rs4988235,LCT/MCM6,ESN,G|G,99,1.0
rs4988235,LCT/MCM6,FIN,A|G,53,0.535353535353535
rs4988235,LCT/MCM6,FIN,A|A,32,0.323232323232323
rs4988235,LCT/MCM6,FIN,G|G,14,0.141414141414141
rs4988235,LCT/MCM6,GBR,A|G,33,0.362637362637363
rs4988235,LCT/MCM6,GBR,G|G,9,0.0989010989010989
rs4988235,LCT/MCM6,GBR,A|A,49,0.538461538461538
rs4988235,LCT/MCM6,GIH,A|A,1,0.00970873786407767
rs4988235,LCT/MCM6,GIH,G|G,75,0.728155339805825
rs4988235,LCT/MCM6,GIH,A|G,27,0.262135922330097
rs4988235,LCT/MCM6,GWD,A|G,2,0.0176991150442478
rs4988235,LCT/MCM6,GWD,G|G,111,0.982300884955752
rs4988235,LCT/MCM6,IBS,A|G,48,0.448598130841121
rs4988235,LCT/MCM6,IBS,A|A,25,0.233644859813084
rs4988235,LCT/MCM6,IBS,G|G,34,0.317757009345794
rs4988235,LCT/MCM6,ITU,A|G,10,0.0980392156862745
rs4988235,LCT/MCM6,ITU,G|G,91,0.892156862745098
rs4988235,LCT/MCM6,ITU,A|A,1,0.00980392156862745
rs4988235,LCT/MCM6,JPT,G|G,104,1.0
rs4988235,LCT/MCM6,KHV,G|G,99,1.0
rs4988235,LCT/MCM6,LWK,G|G,99,1.0
rs4988235,LCT/MCM6,MSL,G|G,85,1.0
rs4988235,LCT/MCM6,MXL,A|G,23,0.359375
rs4988235,LCT/MCM6,MXL,G|G,37,0.578125
rs4988235,LCT/MCM6,MXL,A|A,4,0.0625
rs4988235,LCT/MCM6,PEL,A|A,2,0.0235294117647059
rs4988235,LCT/MCM6,PEL,G|G,69,0.811764705882353
rs4988235,LCT/MCM6,PEL,A|G,14,0.164705882352941
rs4988235,LCT/MCM6,PJL,G|G,53,0.552083333333333
rs4988235,LCT/MCM6,PJL,A|A,7,0.0729166666666667
rs4988235,LCT/MCM6,PJL,A|G,36,0.375
rs4988235,LCT/MCM6,PUR,A|G,37,0.355769230769231
rs4988235,LCT/MCM6,PUR,A|A,3,0.0288461538461538
rs4988235,LCT/MCM6,PUR,G|G,64,0.615384615384615
rs4988235,LCT/MCM6,STU,G|G,92,0.901960784313726
rs4988235,LCT/MCM6,STU,A|G,10,0.0980392156862745
rs4988235,LCT/MCM6,TSI,A|G,15,0.14018691588785
rs4988235,LCT/MCM6,TSI,G|G,90,0.841121495327103
rs4988235,LCT/MCM6,TSI,A|A,2,0.0186915887850467
rs4988235,LCT/MCM6,YRI,G|G,108,1.0
rs671,ALDH2,ACB,A|G,1,0.0104166666666667
rs671,ALDH2,ACB,G|G,95,0.989583333333333
rs671,ALDH2,ASW,G|G,61,1.0
rs671,ALDH2,BEB,G|G,86,1.0
rs671,ALDH2,CDX,G|G,85,0.913978494623656
rs671,ALDH2,CDX,A|G,8,0.0860215053763441
rs671,ALDH2,CEU,G|G,99,1.0
rs671,ALDH2,CHB,G|G,74,0.718446601941748
rs671,ALDH2,CHB,A|A,4,0.0388349514563107
rs671,ALDH2,CHB,A|G,25,0.242718446601942
rs671,ALDH2,CHS,A|A,9,0.0857142857142857
rs671,ALDH2,CHS,G|G,57,0.542857142857143
rs671,ALDH2,CHS,A|G,39,0.371428571428571
rs671,ALDH2,CLM,G|G,94,1.0
rs671,ALDH2,ESN,G|G,99,1.0
rs671,ALDH2,FIN,G|G,99,1.0
rs671,ALDH2,GBR,G|G,91,1.0
rs671,ALDH2,GIH,G|G,103,1.0
rs671,ALDH2,GWD,A|G,1,0.00884955752212389
rs671,ALDH2,GWD,G|G,112,0.991150442477876
rs671,ALDH2,IBS,G|G,107,1.0
rs671,ALDH2,ITU,G|G,102,1.0
rs671,ALDH2,JPT,A|G,40,0.384615384615385
rs671,ALDH2,JPT,G|G,59,0.567307692307692
rs671,ALDH2,JPT,A|A,5,0.0480769230769231
rs671,ALDH2,KHV,A|G,23,0.232323232323232
rs671,ALDH2,KHV,G|G,74,0.747474747474748
rs671,ALDH2,KHV,A|A,2,0.0202020202020202
rs671,ALDH2,LWK,G|G,99,1.0
rs671,ALDH2,MSL,G|G,85,1.0
rs671,ALDH2,MXL,G|G,63,0.984375
rs671,ALDH2,MXL,A|G,1,0.015625
rs671,ALDH2,PEL,G|G,84,0.988235294117647
rs671,ALDH2,PEL,A|G,1,0.0117647058823529
rs671,ALDH2,PJL,G|G,96,1.0
rs671,ALDH2,PUR,G|G,104,1.0
rs671,ALDH2,STU,G|G,102,1.0
rs671,ALDH2,TSI,G|G,107,1.0
rs671,ALDH2,YRI,G|G,108,1.0
rs2814778,DARC/ACKR1,ACB,C|T,20,0.208333333333333
rs2814778,DARC/ACKR1,ACB,C|C,75,0.78125
rs2814778,DARC/ACKR1,ACB,T|T,1,0.0104166666666667
rs2814778,DARC/ACKR1,ASW,T|T,3,0.0491803278688525
rs2814778,DARC/ACKR1,ASW,C|C,39,0.639344262295082
rs2814778,DARC/ACKR1,ASW,C|T,19,0.311475409836066
rs2814778,DARC/ACKR1,BEB,T|T,86,1.0
rs2814778,DARC/ACKR1,CDX,T|T,93,1.0
rs2814778,DARC/ACKR1,CEU,T|T,99,1.0
rs2814778,DARC/ACKR1,CHB,T|T,103,1.0
rs2814778,DARC/ACKR1,CHS,T|T,105,1.0
rs2814778,DARC/ACKR1,CLM,T|T,81,0.861702127659574
rs2814778,DARC/ACKR1,CLM,C|T,12,0.127659574468085
rs2814778,DARC/ACKR1,CLM,C|C,1,0.0106382978723404
rs2814778,DARC/ACKR1,ESN,C|C,99,1.0
rs2814778,DARC/ACKR1,FIN,T|T,99,1.0
rs2814778,DARC/ACKR1,GBR,T|T,91,1.0
rs2814778,DARC/ACKR1,GIH,T|T,103,1.0
rs2814778,DARC/ACKR1,GWD,C|C,113,1.0
rs2814778,DARC/ACKR1,IBS,T|T,103,0.962616822429907
rs2814778,DARC/ACKR1,IBS,C|T,4,0.0373831775700935
rs2814778,DARC/ACKR1,ITU,T|T,102,1.0
rs2814778,DARC/ACKR1,JPT,T|T,104,1.0
rs2814778,DARC/ACKR1,KHV,T|T,99,1.0
rs2814778,DARC/ACKR1,LWK,C|C,99,1.0
rs2814778,DARC/ACKR1,MSL,C|C,85,1.0
rs2814778,DARC/ACKR1,MXL,T|T,60,0.9375
rs2814778,DARC/ACKR1,MXL,C|T,4,0.0625
rs2814778,DARC/ACKR1,PEL,T|T,79,0.929411764705882
rs2814778,DARC/ACKR1,PEL,C|T,5,0.0588235294117647
rs2814778,DARC/ACKR1,PEL,C|C,1,0.0117647058823529
rs2814778,DARC/ACKR1,PJL,T|T,96,1.0
rs2814778,DARC/ACKR1,PUR,C|C,4,0.0384615384615385
rs2814778,DARC/ACKR1,PUR,C|T,21,0.201923076923077
rs2814778,DARC/ACKR1,PUR,T|T,79,0.759615384615385
rs2814778,DARC/ACKR1,STU,T|T,102,1.0
rs2814778,DARC/ACKR1,TSI,T|T,105,0.981308411214953
rs2814778,DARC/ACKR1,TSI,C|T,2,0.0186915887850467
rs2814778,DARC/ACKR1,YRI,C|C,107,0.990740740740741
rs2814778,DARC/ACKR1,YRI,C|T,1,0.00925925925925926
rs1815739,ACTN3,ACB,C|T,21,0.21875
rs1815739,ACTN3,ACB,T|T,1,0.0104166666666667
rs1815739,ACTN3,ACB,C|C,74,0.770833333333333
rs1815739,ACTN3,ASW,C|T,26,0.426229508196721
rs1815739,ACTN3,ASW,C|C,35,0.573770491803279
rs1815739,ACTN3,BEB,C|C,17,0.197674418604651
rs1815739,ACTN3,BEB,T|T,30,0.348837209302326
rs1815739,ACTN3,BEB,C|T,39,0.453488372093023
rs1815739,ACTN3,CDX,C|C,28,0.301075268817204
rs1815739,ACTN3,CDX,T|T,29,0.311827956989247
rs1815739,ACTN3,CDX,C|T,36,0.387096774193548
rs1815739,ACTN3,CEU,C|C,21,0.212121212121212
rs1815739,ACTN3,CEU,T|T,20,0.202020202020202
rs1815739,ACTN3,CEU,C|T,58,0.585858585858586
rs1815739,ACTN3,CHB,C|T,47,0.456310679611651
rs1815739,ACTN3,CHB,T|T,20,0.194174757281553
rs1815739,ACTN3,CHB,C|C,36,0.349514563106796
rs1815739,ACTN3,CHS,T|T,14,0.133333333333333
rs1815739,ACTN3,CHS,C|C,35,0.333333333333333
rs1815739,ACTN3,CHS,C|T,56,0.533333333333333
rs1815739,ACTN3,CLM,C|T,55,0.585106382978723
rs1815739,ACTN3,CLM,T|T,20,0.212765957446809
rs1815739,ACTN3,CLM,C|C,19,0.202127659574468
rs1815739,ACTN3,ESN,C|T,23,0.232323232323232
rs1815739,ACTN3,ESN,C|C,75,0.757575757575758
rs1815739,ACTN3,ESN,T|T,1,0.0101010101010101
rs1815739,ACTN3,FIN,C|T,42,0.424242424242424
rs1815739,ACTN3,FIN,C|C,44,0.444444444444444
rs1815739,ACTN3,FIN,T|T,13,0.131313131313131
rs1815739,ACTN3,GBR,T|T,20,0.21978021978022
rs1815739,ACTN3,GBR,C|C,26,0.285714285714286
rs1815739,ACTN3,GBR,C|T,45,0.494505494505495
rs1815739,ACTN3,GIH,C|T,61,0.592233009708738
rs1815739,ACTN3,GIH,T|T,28,0.271844660194175
rs1815739,ACTN3,GIH,C|C,14,0.135922330097087
rs1815739,ACTN3,GWD,C|T,23,0.20353982300885
rs1815739,ACTN3,GWD,C|C,89,0.787610619469027
rs1815739,ACTN3,GWD,T|T,1,0.00884955752212389
rs1815739,ACTN3,IBS,C|T,54,0.504672897196262
rs1815739,ACTN3,IBS,C|C,33,0.308411214953271
rs1815739,ACTN3,IBS,T|T,20,0.186915887850467
rs1815739,ACTN3,ITU,C|C,13,0.127450980392157
rs1815739,ACTN3,ITU,T|T,36,0.352941176470588
rs1815739,ACTN3,ITU,C|T,53,0.519607843137255
rs1815739,ACTN3,JPT,C|T,61,0.586538461538462
rs1815739,ACTN3,JPT,C|C,23,0.221153846153846
rs1815739,ACTN3,JPT,T|T,20,0.192307692307692
rs1815739,ACTN3,KHV,C|T,51,0.515151515151515
rs1815739,ACTN3,KHV,C|C,33,0.333333333333333
rs1815739,ACTN3,KHV,T|T,15,0.151515151515152
rs1815739,ACTN3,LWK,C|T,16,0.161616161616162
rs1815739,ACTN3,LWK,C|C,83,0.838383838383838
rs1815739,ACTN3,MSL,C|C,67,0.788235294117647
rs1815739,ACTN3,MSL,C|T,18,0.211764705882353
rs1815739,ACTN3,MXL,C|T,36,0.5625
rs1815739,ACTN3,MXL,T|T,20,0.3125
rs1815739,ACTN3,MXL,C|C,8,0.125
rs1815739,ACTN3,PEL,C|C,4,0.0470588235294118
rs1815739,ACTN3,PEL,T|T,47,0.552941176470588
rs1815739,ACTN3,PEL,C|T,34,0.4
rs1815739,ACTN3,PJL,C|C,23,0.239583333333333
rs1815739,ACTN3,PJL,T|T,27,0.28125
rs1815739,ACTN3,PJL,C|T,46,0.479166666666667
rs1815739,ACTN3,PUR,C|T,60,0.576923076923077
rs1815739,ACTN3,PUR,C|C,25,0.240384615384615
rs1815739,ACTN3,PUR,T|T,19,0.182692307692308
rs1815739,ACTN3,STU,C|T,51,0.5
rs1815739,ACTN3,STU,T|T,41,0.401960784313726
rs1815739,ACTN3,STU,C|C,10,0.0980392156862745
rs1815739,ACTN3,TSI,C|T,58,0.542056074766355
rs1815739,ACTN3,TSI,T|T,17,0.158878504672897
rs1815739,ACTN3,TSI,C|C,32,0.299065420560748
rs1815739,ACTN3,YRI,C|T,19,0.175925925925926
rs1815739,ACTN3,YRI,C|C,89,0.824074074074074
