rsid,population,n_samples,hom1_count,het_count,hom2_count,chi2_stat,chi2_p,exact_p,chi2_p_fdr,exact_p_fdr,significant_deviation
rs12203592,ACB,96,93,3,0,0.02418745275888133,0.8764088983979281,1.0,1.0,1.0,False
rs12203592,ASW,61,1,6,54,2.3762119113573403,0.12319595846310198,0.21706937563715056,1.0,1.0,False
rs12203592,BEB,86,86,0,0,0.0,1.0,1.0,1.0,1.0,False
rs12203592,CDX,93,93,0,0,0.0,1.0,1.0,1.0,1.0,False
rs12203592,CEU,99,3,26,70,0.09436409039773573,0.7587007458421489,0.7129533288624105,1.0,1.0,False
rs12203592,CHB,103,103,0,0,0.0,1.0,1.0,1.0,1.0,False
rs12203592,CHS,105,105,0,0,0.0,1.0,1.0,1.0,1.0,False
rs12203592,CLM,94,87,7,0,0.14059399896218044,0.7076912096374484,1.0,1.0,1.0,False
rs12203592,ESN,99,99,0,0,0.0,1.0,1.0,1.0,1.0,False
rs12203592,FIN,99,94,5,0,0.06644473677145667,0.7965853711110976,1.0,1.0,1.0,False
rs12203592,GBR,91,61,27,3,3.387532614307793e-05,0.9953561375015036,0.9999999999999999,1.0,1.0,False
rs12203592,GIH,103,103,0,0,0.0,1.0,1.0,1.0,1.0,False
rs12203592,GWD,113,113,0,0,0.0,1.0,1.0,1.0,1.0,False
rs12203592,IBS,107,1,25,81,0.38028222606415163,0.5374522324433475,0.9999999999999999,1.0,1.0,False
rs12203592,ITU,102,100,2,0,0.009999019703950665,0.920348216852407,1.0,1.0,1.0,False
rs12203592,JPT,104,104,0,0,0.0,1.0,1.0,1.0,1.0,False
rs12203592,KHV,99,99,0,0,0.0,1.0,1.0,1.0,1.0,False
rs12203592,LWK,99,99,0,0,0.0,1.0,1.0,1.0,1.0,False
rs12203592,MSL,85,85,0,0,0.0,1.0,1.0,1.0,1.0,False
rs12203592,MXL,64,54,9,1,0.7041909139811238,0.4013790594288096,0.3741847718363496,1.0,1.0,False
rs12203592,PEL,85,80,5,0,0.07805325987144161,0.7799531143059237,1.0,1.0,1.0,False
rs12203592,PJL,96,93,3,0,0.02418745275888133,0.8764088983979281,1.0,1.0,1.0,False
rs12203592,PUR,104,1,25,78,0.42661619345729973,0.5136540189045322,1.0,1.0,1.0,False
rs12203592,STU,102,101,1,0,0.002475187459050224,0.9603206107361554,1.0,1.0,1.0,False
rs12203592,TSI,107,89,16,2,1.4779168880858753,0.22410072910274598,0.2183513246284424,1.0,1.0,False
rs12203592,YRI,108,108,0,0,0.0,1.0,1.0,1.0,1.0,False
rs12913832,ACB,96,82,13,1,0.34429953078617254,0.5573579027151369,0.4468928148000826,1.0,1.0,False
rs12913832,ASW,61,45,15,1,0.03876844855589288,0.8439081017401147,0.9999999999999998,1.0,1.0,False
rs12913832,BEB,86,69,17,0,1.0345057232049957,0.3091027472366518,1.0,1.0,1.0,False
rs12913832,CDX,93,93,0,0,0.0,1.0,1.0,1.0,1.0,False
rs12913832,CEU,99,4,38,57,0.5731332703213612,0.44901651768827344,0.5793736815866186,1.0,1.0,False
rs12913832,CHB,103,103,0,0,0.0,1.0,1.0,1.0,1.0,False
rs12913832,CHS,105,103,2,0,0.009707840236686461,0.9215127433678499,1.0,1.0,1.0,False
rs12913832,CLM,94,6,38,50,0.11754639781558489,0.7317110064641494,0.9999999999999998,1.0,1.0,False
rs12913832,ESN,99,99,0,0,0.0,1.0,1.0,1.0,1.0,False
rs12913832,FIN,99,81,18,0,0.989999999999999,0.3197423744922707,1.0,1.0,1.0,False
rs12913832,GBR,91,62,25,4,0.5069593114316734,0.4764581177812198,0.4799967506205399,1.0,1.0,False
rs12913832,GIH,103,86,17,0,0.8333193359648392,0.36131446121205446,1.0,1.0,1.0,False
rs12913832,GWD,113,108,5,0,0.05784074855142177,0.8099418598387892,1.0,1.0,1.0,False
rs12913832,IBS,107,48,49,10,0.2473088992735017,0.6189763709364671,0.8245501380497898,1.0,1.0,False
rs12913832,ITU,102,92,10,0,0.2710171112764369,0.6026503001969341,0.9999999999999998,1.0,1.0,False
rs12913832,JPT,104,104,0,0,0.0,1.0,1.0,1.0,1.0,False
rs12913832,KHV,99,99,0,0,0.0,1.0,1.0,1.0,1.0,False
rs12913832,LWK,99,99,0,0,0.0,1.0,1.0,1.0,1.0,False
rs12913832,MSL,85,85,0,0,0.0,1.0,1.0,1.0,1.0,False
rs12913832,MXL,64,47,11,6,11.127680430710406,0.0008504888216036476,0.0027518015873526664,0.05749304434040657,0.4650544682626006,False
rs12913832,PEL,85,66,19,0,1.3457743081443785,0.24601821864088594,0.588397218043174,1.0,1.0,False
rs12913832,PJL,96,2,15,79,1.471840141705638,0.2250555850907343,0.21913509233652262,1.0,1.0,False
rs12913832,PUR,104,8,32,64,1.8488888888888877,0.17391267847568753,0.17212339051270514,1.0,1.0,False
rs12913832,STU,102,96,6,0,0.09366391184572995,0.7595699234358555,1.0,1.0,1.0,False
rs12913832,TSI,107,17,56,34,0.5833239552420956,0.4450123780606101,0.5523886358103549,1.0,1.0,False
rs12913832,YRI,108,108,0,0,0.0,1.0,1.0,1.0,1.0,False
rs1393350,ACB,96,90,5,1,6.424233389484343,0.011257349409890325,0.10705453052234697,0.4054082119065826,1.0,False
rs1393350,ASW,61,58,2,1,14.233625395001408,0.00016145952375169742,0.049378429057573434,0.013643329757018431,1.0,False
rs1393350,BEB,86,79,7,0,0.1547842056932969,0.6940046928625154,1.0,1.0,1.0,False
rs1393350,CDX,93,93,0,0,0.0,1.0,1.0,1.0,1.0,False
rs1393350,CEU,99,59,32,8,1.4256000000000002,0.232483865200421,0.27094882309660107,1.0,1.0,False
rs1393350,CHB,103,103,0,0,0.0,1.0,1.0,1.0,1.0,False
rs1393350,CHS,105,105,0,0,0.0,1.0,1.0,1.0,1.0,False
rs1393350,CLM,94,75,19,0,1.188123665137775,0.27570836222191486,0.5906025130453632,1.0,1.0,False
rs1393350,ESN,99,99,0,0,0.0,1.0,1.0,1.0,1.0,False
rs1393350,FIN,99,67,31,1,1.6036363636363642,0.20538864534636864,0.2952494408649405,1.0,1.0,False
rs1393350,GBR,91,46,40,5,0.9659871441689631,0.3256830167308036,0.43388998623483727,1.0,1.0,False
rs1393350,GIH,103,1,21,81,0.07958864240104567,0.777855645531955,1.0,1.0,1.0,False
rs1393350,GWD,113,113,0,0,0.0,1.0,1.0,1.0,1.0,False
rs1393350,IBS,107,6,49,52,1.6330514237840315,0.2012815127504938,0.24399243506670798,1.0,1.0,False
rs1393350,ITU,102,101,1,0,0.002475187459050224,0.9603206107361554,1.0,1.0,1.0,False
rs1393350,JPT,104,104,0,0,0.0,1.0,1.0,1.0,1.0,False
rs1393350,KHV,99,96,3,0,0.023431952662721932,0.8783391382480149,1.0,1.0,1.0,False
rs1393350,LWK,99,99,0,0,0.0,1.0,1.0,1.0,1.0,False
rs1393350,MSL,85,85,0,0,0.0,1.0,1.0,1.0,1.0,False
rs1393350,MXL,64,47,16,1,0.07548617488011428,0.7835102545949317,1.0,1.0,1.0,False
rs1393350,PEL,85,75,9,1,1.3326850824828111,0.24832810003855338,0.2918314222039127,1.0,1.0,False
rs1393350,PJL,96,83,13,0,0.5063512374769819,0.4767226578222127,0.9999999999999999,1.0,1.0,False
rs1393350,PUR,104,2,33,69,0.7491801152054203,0.3867359353482891,0.517832975969802,1.0,1.0,False
rs1393350,STU,102,93,9,0,0.2172781065088762,0.6411217370470584,1.0,1.0,1.0,False
rs1393350,TSI,107,57,47,3,3.4175901065000325,0.06450511322993639,0.1153337835207198,0.9910331032599319,1.0,False
rs1393350,YRI,108,108,0,0,0.0,1.0,1.0,1.0,1.0,False
rs1426654,ACB,96,2,16,78,1.098626284478096,0.29456777518538274,0.2592612044182911,1.0,1.0,False
rs1426654,ASW,61,38,23,0,3.2924191409039887,0.06960040589582264,0.10306999231558178,1.0,1.0,False
rs1426654,BEB,86,19,42,25,0.02936436672967878,0.8639404361766083,0.8316700863421471,1.0,1.0,False
rs1426654,CDX,93,93,0,0,0.0,1.0,1.0,1.0,1.0,False
rs1426654,CEU,99,99,0,0,0.0,1.0,1.0,1.0,1.0,False
rs1426654,CHB,103,97,6,0,0.09270000000000006,0.7607723230112836,1.0,1.0,1.0,False
rs1426654,CHS,105,101,4,0,0.03958902818361748,0.8422862762179399,1.0,1.0,1.0,False
rs1426654,CLM,94,9,35,50,0.6070776814286425,0.43589024115184183,0.44748735747448476,1.0,1.0,False
rs1426654,ESN,99,94,5,0,0.06644473677145667,0.7965853711110976,1.0,1.0,1.0,False
rs1426654,FIN,99,97,2,0,0.010308204914619002,0.9191302756251973,1.0,1.0,1.0,False
rs1426654,GBR,91,91,0,0,0.0,1.0,1.0,1.0,1.0,False
rs1426654,GIH,103,93,10,0,0.2681174510620578,0.6045974066029124,1.0,1.0,1.0,False
rs1426654,GWD,113,1,15,97,0.23782813887630883,0.6257791666424113,0.47786710249413766,1.0,1.0,False
rs1426654,IBS,107,107,0,0,0.0,1.0,1.0,1.0,1.0,False
rs1426654,ITU,102,44,45,13,0.07912098574492044,0.7784921762471279,0.8275453349420263,1.0,1.0,False
rs1426654,JPT,104,103,1,0,0.0024271278209526646,0.9607074031116152,1.0,1.0,1.0,False
rs1426654,KHV,99,98,1,0,0.002550954675461845,0.9597183900567056,1.0,1.0,1.0,False
rs1426654,LWK,99,85,13,1,0.3841870464928778,0.5353708745561736,0.43605529037553303,1.0,1.0,False
rs1426654,MSL,85,1,13,71,0.20795467684125318,0.6483752522376176,0.4914617802634867,1.0,1.0,False
rs1426654,MXL,64,17,28,19,0.9863615819532952,0.3206332645083695,0.32415054833656803,1.0,1.0,False
rs1426654,PEL,85,6,36,43,0.17275262026337032,0.6776769643747445,0.7933220695184307,1.0,1.0,False
rs1426654,PJL,96,61,28,7,2.0650666666666666,0.15070833789475127,0.14400276387459723,1.0,1.0,False
rs1426654,PUR,104,8,32,64,1.8488888888888877,0.17391267847568753,0.17212339051270514,1.0,1.0,False
rs1426654,STU,102,25,49,28,0.15027854300581617,0.6982693146550705,0.6948874296151892,1.0,1.0,False
rs1426654,TSI,107,106,1,0,0.002358438581410269,0.9612669528735569,1.0,1.0,1.0,False
rs1426654,YRI,108,105,3,0,0.02142432057131537,0.8836289213396648,1.0,1.0,1.0,False
rs16891982,ACB,96,1,15,80,0.09789139185085796,0.7543748714586725,0.5397875500647837,1.0,1.0,False
rs16891982,ASW,61,37,22,2,0.3460639587442472,0.5563497292249195,0.7176687900291471,1.0,1.0,False
rs16891982,BEB,86,79,7,0,0.1547842056932969,0.6940046928625154,1.0,1.0,1.0,False
rs16891982,CDX,93,93,0,0,0.0,1.0,1.0,1.0,1.0,False
rs16891982,CEU,99,95,4,0,0.04208736316292904,0.8374533320041527,1.0,1.0,1.0,False
rs16891982,CHB,103,100,3,0,0.0224950860248975,0.8807775390584691,1.0,1.0,1.0,False
rs16891982,CHS,105,104,1,0,0.0024037911219981388,0.9608966053938214,1.0,1.0,1.0,False
rs16891982,CLM,94,15,38,41,1.457252979623222,0.22736770664020298,0.26335696872220876,1.0,1.0,False
rs16891982,ESN,99,99,0,0,0.0,1.0,1.0,1.0,1.0,False
rs16891982,FIN,99,91,8,0,0.1755124653739609,0.675258463537358,1.0,1.0,1.0,False
rs16891982,GBR,91,87,4,0,0.0459537937129149,0.8302598133102568,0.9999999999999998,1.0,1.0,False
rs16891982,GIH,103,85,18,0,0.9442055228610238,0.33119863048966924,1.0,1.0,1.0,False
rs16891982,GWD,113,112,1,0,0.0022320987654320928,0.9623178890064874,1.0,1.0,1.0,False
rs16891982,IBS,107,71,33,3,0.1290253834078013,0.7194447025514892,0.9999999999999998,1.0,1.0,False
rs16891982,ITU,102,1,8,93,2.5709767244127963,0.10884051166952334,0.20661982557300285,1.0,1.0,False
rs16891982,JPT,104,104,0,0,0.0,1.0,1.0,1.0,1.0,False
rs16891982,KHV,99,97,2,0,0.010308204914619002,0.9191302756251973,1.0,1.0,1.0,False
rs16891982,LWK,99,98,1,0,0.002550954675461845,0.9597183900567056,1.0,1.0,1.0,False
rs16891982,MSL,85,83,2,0,0.012046485260771055,0.9126025050808116,1.0,1.0,1.0,False
rs16891982,MXL,64,13,27,24,1.0910393734425061,0.296241032034506,0.3081083144675492,1.0,1.0,False
rs16891982,PEL,85,3,21,61,0.4828422893690961,0.4871376892724044,0.42823138981895226,1.0,1.0,False
rs16891982,PJL,96,85,11,0,0.3545679313818263,0.5515386554185546,1.0,1.0,1.0,False
rs16891982,PUR,104,41,40,23,4.45693619988811,0.03475978972410136,0.04244072789663414,0.6735676508645331,1.0,False
rs16891982,STU,102,92,8,2,8.67708333333333,0.003222362771345956,0.03307718285741327,0.15559408810213332,1.0,False
rs16891982,TSI,107,1,5,101,7.320241798322636,0.006818223821182786,0.09626643509210549,0.2880699564449727,1.0,False
rs16891982,YRI,108,108,0,0,0.0,1.0,1.0,1.0,1.0,False
rs1800407,ACB,96,94,2,0,0.010637119113573484,0.9178547079160527,1.0,1.0,1.0,False
rs1800407,ASW,61,61,0,0,0.0,1.0,1.0,1.0,1.0,False
rs1800407,BEB,86,80,6,0,0.112353026564088,0.7374809881048152,1.0,1.0,1.0,False
rs1800407,CDX,93,93,0,0,0.0,1.0,1.0,1.0,1.0,False
rs1800407,CEU,99,84,14,1,0.2288276627218937,0.6323944646013322,0.48228026657426,1.0,1.0,False
rs1800407,CHB,103,102,1,0,0.0024509220701963157,0.9605154276955695,1.0,1.0,1.0,False
rs1800407,CHS,105,105,0,0,0.0,1.0,1.0,1.0,1.0,False
rs1800407,CLM,94,85,9,0,0.23763303267688293,0.6259209143600213,1.0,1.0,1.0,False
rs1800407,ESN,99,99,0,0,0.0,1.0,1.0,1.0,1.0,False
rs1800407,FIN,99,94,5,0,0.06644473677145667,0.7965853711110976,1.0,1.0,1.0,False
rs1800407,GBR,91,1,11,79,0.7168866636322262,0.3971670426053746,0.3690889010602442,1.0,1.0,False
rs1800407,GIH,103,100,3,0,0.0224950860248975,0.8807775390584691,1.0,1.0,1.0,False
rs1800407,GWD,113,113,0,0,0.0,1.0,1.0,1.0,1.0,False
rs1800407,IBS,107,87,19,1,0.001100822442143214,0.9735321280701676,1.0,1.0,1.0,False
rs1800407,ITU,102,97,5,0,0.06439231332542092,0.7996837545914777,1.0,1.0,1.0,False
rs1800407,JPT,104,104,0,0,0.0,1.0,1.0,1.0,1.0,False
rs1800407,KHV,99,99,0,0,0.0,1.0,1.0,1.0,1.0,False
rs1800407,LWK,99,99,0,0,0.0,1.0,1.0,1.0,1.0,False
rs1800407,MSL,85,85,0,0,0.0,1.0,1.0,1.0,1.0,False
rs1800407,MXL,64,60,4,0,0.06659729448491156,0.7963571162577392,1.0,1.0,1.0,False
rs1800407,PEL,85,85,0,0,0.0,1.0,1.0,1.0,1.0,False
rs1800407,PJL,96,88,8,0,0.18147448015122902,0.6701091458645397,0.9999999999999998,1.0,1.0,False
rs1800407,PUR,104,95,9,0,0.21272190096209737,0.6446423197067034,1.0,1.0,1.0,False
rs1800407,STU,102,98,4,0,0.04079999999999982,0.8399244646857059,1.0,1.0,1.0,False
rs1800407,TSI,107,2,17,88,1.1218292609355842,0.28952490747742565,0.2560004496040878,1.0,1.0,False
rs1800407,YRI,108,108,0,0,0.0,1.0,1.0,1.0,1.0,False
rs1815739,ACB,96,1,21,74,0.13359129390356034,0.7147371410166987,0.9999999999999998,1.0,1.0,False
rs1815739,ASW,61,35,26,0,4.474392361111111,0.03440643467558541,0.05187875481400887,0.6735676508645331,1.0,False
rs1815739,BEB,86,17,39,30,0.4435239306867955,0.5054264897370483,0.5121268552178089,1.0,1.0,False
rs1815739,CDX,93,28,36,29,4.738176269788227,0.02950032797414715,0.0372463980848558,0.6735676508645331,1.0,False
rs1815739,CEU,99,21,58,20,2.9232584756351523,0.08731138684057599,0.11040927023437135,1.0,1.0,False
rs1815739,CHB,103,20,47,36,0.43266307945387933,0.5106851006593396,0.5456797072080227,1.0,1.0,False
rs1815739,CHS,105,14,56,35,1.2962962962962976,0.2548908575471638,0.3124704304508564,1.0,1.0,False
rs1815739,CLM,94,20,55,19,2.727644366040429,0.0986246546573878,0.14775706085662121,1.0,1.0,False
rs1815739,ESN,99,75,23,1,0.27754533729827235,0.5983146215580284,1.0,1.0,1.0,False
rs1815739,FIN,99,44,42,13,0.3478509858520504,0.5553321629995545,0.6550262087507277,1.0,1.0,False
rs1815739,GBR,91,20,45,26,0.0040493512616390495,0.9492612499160616,1.0,1.0,1.0,False
rs1815739,GIH,103,28,61,14,4.403252066306135,0.03587046661408756,0.04620096158943462,0.6735676508645331,1.0,False
rs1815739,GWD,113,89,23,1,0.13393636791168556,0.7143850891777922,1.0,1.0,1.0,False
rs1815739,IBS,107,33,54,20,0.06405952919873231,0.8001910622239227,0.8469430960626528,1.0,1.0,False
rs1815739,ITU,102,13,53,36,0.9183434757250437,0.33791029767427533,0.40753654932423333,1.0,1.0,False
rs1815739,JPT,104,23,61,20,3.1506533849980496,0.07589656696530034,0.11535743413117738,1.0,1.0,False
rs1815739,KHV,99,33,51,15,0.42508583534224564,0.5144101588060165,0.67711864945753,1.0,1.0,False
rs1815739,LWK,99,83,16,0,0.7651249849052051,0.38172941522794246,1.0,1.0,1.0,False
rs1815739,MSL,85,67,18,0,1.1920013850415514,0.27492622465784666,0.5883972180431739,1.0,1.0,False
rs1815739,MXL,64,20,36,8,1.763411955613106,0.18419950743696048,0.29813033471001166,1.0,1.0,False
rs1815739,PEL,85,4,34,47,0.4800242036918934,0.48841135355012777,0.7695603049085974,1.0,1.0,False
rs1815739,PJL,96,23,46,27,0.15359999999999985,0.6951185375666429,0.6863182579257515,1.0,1.0,False
rs1815739,PUR,104,25,60,19,2.586387903111996,0.10778589254128246,0.16709639366136245,1.0,1.0,False
rs1815739,STU,102,41,51,10,1.0563965342297068,0.30403849314550974,0.3852118556587574,1.0,1.0,False
rs1815739,TSI,107,17,58,32,1.198729913346262,0.2735756755244087,0.3275997361488246,1.0,1.0,False
rs1815739,YRI,108,89,19,0,1.0046123321909877,0.31619702637645586,1.0,1.0,1.0,False
rs2814778,ACB,96,75,20,1,0.06863221710658007,0.7933387792223953,1.0,1.0,1.0,False
rs2814778,ASW,61,3,19,39,0.11876101604846413,0.7303821716779644,0.6990535454156842,1.0,1.0,False
rs2814778,BEB,86,86,0,0,0.0,1.0,1.0,1.0,1.0,False
rs2814778,CDX,93,93,0,0,0.0,1.0,1.0,1.0,1.0,False
rs2814778,CEU,99,99,0,0,0.0,1.0,1.0,1.0,1.0,False
rs2814778,CHB,103,103,0,0,0.0,1.0,1.0,1.0,1.0,False
rs2814778,CHS,105,105,0,0,0.0,1.0,1.0,1.0,1.0,False
rs2814778,CLM,94,81,12,1,0.5132373995971746,0.4737407589138307,0.4066710989210223,1.0,1.0,False
rs2814778,ESN,99,99,0,0,0.0,1.0,1.0,1.0,1.0,False
rs2814778,FIN,99,99,0,0,0.0,1.0,1.0,1.0,1.0,False
rs2814778,GBR,91,91,0,0,0.0,1.0,1.0,1.0,1.0,False
rs2814778,GIH,103,103,0,0,0.0,1.0,1.0,1.0,1.0,False
rs2814778,GWD,113,113,0,0,0.0,1.0,1.0,1.0,1.0,False
rs2814778,IBS,107,103,4,0,0.038820861678004526,0.8438039803347048,1.0,1.0,1.0,False
rs2814778,ITU,102,102,0,0,0.0,1.0,1.0,1.0,1.0,False
rs2814778,JPT,104,104,0,0,0.0,1.0,1.0,1.0,1.0,False
rs2814778,KHV,99,99,0,0,0.0,1.0,1.0,1.0,1.0,False
rs2814778,LWK,99,99,0,0,0.0,1.0,1.0,1.0,1.0,False
rs2814778,MSL,85,85,0,0,0.0,1.0,1.0,1.0,1.0,False
rs2814778,MXL,64,60,4,0,0.06659729448491156,0.7963571162577392,1.0,1.0,1.0,False
rs2814778,PEL,85,79,5,1,5.528834816699846,0.018705558143545156,0.12056253281495104,0.5518022301598149,1.0,False
rs2814778,PJL,96,96,0,0,0.0,1.0,1.0,1.0,1.0,False
rs2814778,PUR,104,4,21,79,2.6141526977121794,0.10591408376748407,0.10593743221154699,1.0,1.0,False
rs2814778,STU,102,102,0,0,0.0,1.0,1.0,1.0,1.0,False
rs2814778,TSI,107,105,2,0,0.009522961908152364,0.9222613082722972,1.0,1.0,1.0,False
rs2814778,YRI,108,107,1,0,0.0023363980530016018,0.9614482238551364,1.0,1.0,1.0,False
rs3827760,ACB,96,96,0,0,0.0,1.0,1.0,1.0,1.0,False
rs3827760,ASW,61,58,2,1,14.233625395001408,0.00016145952375169742,0.049378429057573434,0.013643329757018431,1.0,False
rs3827760,BEB,86,77,9,0,0.26218525349091065,0.6086228156507553,1.0,1.0,1.0,False
rs3827760,CDX,93,76,15,2,1.3550032980963609,0.24440533435031309,0.23061573058370152,1.0,1.0,False
rs3827760,CEU,99,99,0,0,0.0,1.0,1.0,1.0,1.0,False
rs3827760,CHB,103,90,13,0,0.4673145587801019,0.4942251981083702,0.9999999999999999,1.0,1.0,False
rs3827760,CHS,105,87,16,2,1.4077562326869804,0.23542922874557345,0.22505760373951125,1.0,1.0,False
rs3827760,CLM,94,54,35,5,0.04772728782052802,0.8270662343998089,1.0,1.0,1.0,False
rs3827760,ESN,99,99,0,0,0.0,1.0,1.0,1.0,1.0,False
rs3827760,FIN,99,88,11,0,0.3425605536332176,0.5583549376037901,0.9999999999999999,1.0,1.0,False
rs3827760,GBR,91,91,0,0,0.0,1.0,1.0,1.0,1.0,False
rs3827760,GIH,103,100,3,0,0.0224950860248975,0.8807775390584691,1.0,1.0,1.0,False
rs3827760,GWD,113,113,0,0,0.0,1.0,1.0,1.0,1.0,False
rs3827760,IBS,107,107,0,0,0.0,1.0,1.0,1.0,1.0,False
rs3827760,ITU,102,102,0,0,0.0,1.0,1.0,1.0,1.0,False
rs3827760,JPT,104,68,31,5,0.35316566530668925,0.5523265709440708,0.5384334609839044,1.0,1.0,False
rs3827760,KHV,99,67,29,3,0.004164159397056997,0.9485479828349009,0.9999999999999998,1.0,1.0,False
rs3827760,LWK,99,99,0,0,0.0,1.0,1.0,1.0,1.0,False
rs3827760,MSL,85,85,0,0,0.0,1.0,1.0,1.0,1.0,False
rs3827760,MXL,64,19,24,21,3.9765739888717846,0.046137314437210905,0.047731940348021404,0.7797206139888643,1.0,False
rs3827760,PEL,85,50,29,6,0.39161623593969463,0.5314510607814737,0.5544099649734489,1.0,1.0,False
rs3827760,PJL,96,96,0,0,0.0,1.0,1.0,1.0,1.0,False
rs3827760,PUR,104,69,34,1,2.10056820837423,0.14724441084935824,0.2966615663812838,1.0,1.0,False
rs3827760,STU,102,101,1,0,0.002475187459050224,0.9603206107361554,1.0,1.0,1.0,False
rs3827760,TSI,107,107,0,0,0.0,1.0,1.0,1.0,1.0,False
rs3827760,YRI,108,108,0,0,0.0,1.0,1.0,1.0,1.0,False
rs4988235,ACB,96,1,11,84,0.8195121302606186,0.3653228460843384,0.35266304970468076,1.0,1.0,False
rs4988235,ASW,61,43,15,3,1.148244769920516,0.28391688235285195,0.35646619668826607,1.0,1.0,False
rs4988235,BEB,86,76,10,0,0.3276939490931261,0.5670201398774367,1.0,1.0,1.0,False
rs4988235,CDX,93,93,0,0,0.0,1.0,1.0,1.0,1.0,False
rs4988235,CEU,99,7,38,54,0.007942196377752155,0.9289873366918858,1.0,1.0,1.0,False
rs4988235,CHB,103,103,0,0,0.0,1.0,1.0,1.0,1.0,False
rs4988235,CHS,105,105,0,0,0.0,1.0,1.0,1.0,1.0,False
rs4988235,CLM,94,13,32,49,3.840211075853628,0.050037221710447104,0.05406892724026026,0.8053609970538629,1.0,False
rs4988235,ESN,99,99,0,0,0.0,1.0,1.0,1.0,1.0,False
rs4988235,FIN,99,32,53,14,1.1400800318179236,0.2856354170292138,0.4046791070970017,1.0,1.0,False
rs4988235,GBR,91,9,33,49,0.9288936509898424,0.33515057427615536,0.31044865527848764,1.0,1.0,False
rs4988235,GIH,103,1,27,75,0.7194643522625461,0.3963196675306805,0.6858097682107046,1.0,1.0,False
rs4988235,GWD,113,111,2,0,0.009008290816326503,0.9243847120731072,1.0,1.0,1.0,False
rs4988235,IBS,107,25,48,34,0.9945732084481231,0.3186272052721223,0.332686593230772,1.0,1.0,False
rs4988235,ITU,102,91,10,1,1.339192708333333,0.24717638589682622,0.29040341645181134,1.0,1.0,False
rs4988235,JPT,104,104,0,0,0.0,1.0,1.0,1.0,1.0,False
rs4988235,KHV,99,99,0,0,0.0,1.0,1.0,1.0,1.0,False
rs4988235,LWK,99,99,0,0,0.0,1.0,1.0,1.0,1.0,False
rs4988235,MSL,85,85,0,0,0.0,1.0,1.0,1.0,1.0,False
rs4988235,MXL,64,37,23,4,0.02809274756197406,0.8668909592068264,1.0,1.0,1.0,False
rs4988235,PEL,85,2,14,69,1.4390859580725692,0.23028730956436266,0.22252807852599527,1.0,1.0,False
rs4988235,PJL,96,53,36,7,0.06730854989089469,0.7952966085294271,0.7927583624479136,1.0,1.0,False
rs4988235,PUR,104,3,37,64,0.746238211804858,0.38766985495828443,0.5528909882494312,1.0,1.0,False
rs4988235,STU,102,92,10,0,0.2710171112764369,0.6026503001969341,0.9999999999999998,1.0,1.0,False
rs4988235,TSI,107,90,15,2,1.9099313216082892,0.16697088776509444,0.183473006041454,1.0,1.0,False
rs4988235,YRI,108,108,0,0,0.0,1.0,1.0,1.0,1.0,False
rs671,ACB,96,95,1,0,0.0026315068117649916,0.9590878908489565,1.0,1.0,1.0,False
rs671,ASW,61,61,0,0,0.0,1.0,1.0,1.0,1.0,False
rs671,BEB,86,86,0,0,0.0,1.0,1.0,1.0,1.0,False
rs671,CDX,93,85,8,0,0.18785506880444425,0.6647078530689553,1.0,1.0,1.0,False
rs671,CEU,99,99,0,0,0.0,1.0,1.0,1.0,1.0,False
rs671,CHB,103,74,25,4,0.9875082997928273,0.32035213126093975,0.2841345708034028,1.0,1.0,False
rs671,CHS,105,9,39,57,0.3892653688491854,0.5326858079700832,0.6204172498728028,1.0,1.0,False
rs671,CLM,94,94,0,0,0.0,1.0,1.0,1.0,1.0,False
rs671,ESN,99,99,0,0,0.0,1.0,1.0,1.0,1.0,False
rs671,FIN,99,99,0,0,0.0,1.0,1.0,1.0,1.0,False
rs671,GBR,91,91,0,0,0.0,1.0,1.0,1.0,1.0,False
rs671,GIH,103,103,0,0,0.0,1.0,1.0,1.0,1.0,False
rs671,GWD,113,112,1,0,0.0022320987654320928,0.9623178890064874,1.0,1.0,1.0,False
rs671,IBS,107,107,0,0,0.0,1.0,1.0,1.0,1.0,False
rs671,ITU,102,102,0,0,0.0,1.0,1.0,1.0,1.0,False
rs671,JPT,104,59,40,5,0.2939528921647171,0.5876984884383197,0.7887947273570025,1.0,1.0,False
rs671,KHV,99,74,23,2,0.01843302212646626,0.8920044785708396,1.0,1.0,1.0,False
rs671,LWK,99,99,0,0,0.0,1.0,1.0,1.0,1.0,False
rs671,MSL,85,85,0,0,0.0,1.0,1.0,1.0,1.0,False
rs671,MXL,64,63,1,0,0.003968007936015872,0.9497727744244373,1.0,1.0,1.0,False
rs671,PEL,85,84,1,0,0.0029760862714891152,0.9564941712363983,1.0,1.0,1.0,False
rs671,PJL,96,96,0,0,0.0,1.0,1.0,1.0,1.0,False
rs671,PUR,104,104,0,0,0.0,1.0,1.0,1.0,1.0,False
rs671,STU,102,102,0,0,0.0,1.0,1.0,1.0,1.0,False
rs671,TSI,107,107,0,0,0.0,1.0,1.0,1.0,1.0,False
rs671,YRI,108,108,0,0,0.0,1.0,1.0,1.0,1.0,False
rs8176719,ACB,96,44,40,12,0.37500000000000044,0.5402913746074195,0.6451601225838788,1.0,1.0,False
rs8176719,ASW,61,29,27,5,0.1369181657108336,0.7113642002642615,1.0,1.0,1.0,False
rs8176719,BEB,86,17,47,22,0.8046827446275729,0.36969698334869516,0.5153537187403288,1.0,1.0,False
rs8176719,CDX,93,47,39,7,0.07865668689962502,0.7791261479841616,1.0,1.0,1.0,False
rs8176719,CEU,99,40,43,16,0.5880870910172524,0.44315978352013385,0.5208700809950152,1.0,1.0,False
rs8176719,CHB,103,41,43,19,1.6128738131382419,0.20408830261426267,0.21714762137560176,1.0,1.0,False
rs8176719,CHS,105,35,51,19,0.003151683284979342,0.9552303945316721,1.0,1.0,1.0,False
rs8176719,CLM,94,64,23,7,4.803714765371262,0.02839844166356903,0.04320783172636211,0.6735676508645331,1.0,False
rs8176719,ESN,99,59,32,8,1.4256000000000002,0.232483865200421,0.27094882309660107,1.0,1.0,False
rs8176719,FIN,99,29,44,26,1.2043144463667805,0.27246106157040945,0.3140632339302304,1.0,1.0,False
rs8176719,GBR,91,6,50,35,4.530140767718813,0.03330287824409237,0.059705242619268704,0.6735676508645331,1.0,False
rs8176719,GIH,103,19,49,35,0.06446208149156932,0.799577574625447,0.8404152526901073,1.0,1.0,False
rs8176719,GWD,113,14,50,49,0.05048303541027025,0.8222248778491733,0.8360817660278775,1.0,1.0,False
rs8176719,IBS,107,44,48,15,0.10734833439118774,0.7431834532557511,0.8344502880001973,1.0,1.0,False
rs8176719,ITU,102,36,57,9,4.1562600324499765,0.041480900094170436,0.05594091676976255,0.7379233806226109,1.0,False
rs8176719,JPT,104,16,57,31,1.4836807236020346,0.2231995257461186,0.315685351845789,1.0,1.0,False
rs8176719,KHV,99,12,47,40,0.10169667195117028,0.7498029840474135,0.8296114929849024,1.0,1.0,False
rs8176719,LWK,99,51,39,9,0.15207869092568904,0.6965567491655553,0.8057879004163091,1.0,1.0,False
rs8176719,MSL,85,42,31,12,2.3648455685919165,0.12409619330190244,0.1376128911387194,1.0,1.0,False
rs8176719,MXL,64,6,20,38,1.7777777777777777,0.18242243945173198,0.18747879214040017,1.0,1.0,False
rs8176719,PEL,85,5,20,60,3.0839002267573696,0.07907070242967547,0.12264103505204708,1.0,1.0,False
rs8176719,PJL,96,17,45,34,0.0992256510115426,0.7527608692783232,0.8329840261035706,1.0,1.0,False
rs8176719,PUR,104,50,46,8,0.33794315321365087,0.5610188857418504,0.6453742864344184,1.0,1.0,False
rs8176719,STU,102,40,54,8,3.1028522328958323,0.07815525385349086,0.12244922788804076,1.0,1.0,False
rs8176719,TSI,107,21,44,42,2.237963827575715,0.1346581992844514,0.15846919730508577,1.0,1.0,False
rs8176719,YRI,108,63,40,5,0.1812280447089562,0.6703199955922069,0.7917536477352634,1.0,1.0,False
rs885479,ACB,96,93,3,0,0.02418745275888133,0.8764088983979281,1.0,1.0,1.0,False
rs885479,ASW,61,1,4,56,5.4480116263707234,0.019590611721650233,0.12085062887201924,0.5518022301598149,1.0,False
rs885479,BEB,86,73,13,0,0.5748981448518646,0.4483190625510959,1.0,1.0,1.0,False
rs885479,CDX,93,26,47,20,0.02086188152559356,0.8851558535660673,1.0,1.0,1.0,False
rs885479,CEU,99,83,16,0,0.7651249849052051,0.38172941522794246,1.0,1.0,1.0,False
rs885479,CHB,103,35,62,6,9.741498758083523,0.001801539479181287,0.002476037288589953,0.10148672399387916,0.4650544682626006,False
rs885479,CHS,105,31,63,11,6.311707681660899,0.01199432579605274,0.01562237861655869,0.4054082119065826,1.0,False
rs885479,CLM,94,59,31,4,0.0008044961044306209,0.9773721231756438,1.0,1.0,1.0,False
rs885479,ESN,99,99,0,0,0.0,1.0,1.0,1.0,1.0,False
rs885479,FIN,99,70,24,5,2.161942244791677,0.14146577779834432,0.1536383296106102,1.0,1.0,False
rs885479,GBR,91,77,14,0,0.6319444444444451,0.426642974757351,1.0,1.0,1.0,False
rs885479,GIH,103,101,1,1,45.103758348365155,1.8686642846159492e-11,0.014634146341463414,6.316085282001908e-09,1.0,False
rs885479,GWD,113,113,0,0,0.0,1.0,1.0,1.0,1.0,False
rs885479,IBS,107,103,4,0,0.038820861678004526,0.8438039803347048,1.0,1.0,1.0,False
rs885479,ITU,102,95,5,2,17.89042296734608,2.3399567469026563e-05,0.00895544443573456,0.003954526902265489,1.0,False
rs885479,JPT,104,56,42,6,0.26527905315784117,0.6065163506690843,0.7989965656845727,1.0,1.0,False
rs885479,KHV,99,32,47,20,0.13078711645411517,0.717617321630699,0.6884733499232163,1.0,1.0,False
rs885479,LWK,99,99,0,0,0.0,1.0,1.0,1.0,1.0,False
rs885479,MSL,85,85,0,0,0.0,1.0,1.0,1.0,1.0,False
rs885479,MXL,64,23,32,9,0.16164523339907955,0.6876462856477608,0.7962425896018417,1.0,1.0,False
rs885479,PEL,85,12,36,37,0.4495867768595041,0.502531252773504,0.4841802953583002,1.0,1.0,False
rs885479,PJL,96,89,7,0,0.13744338933528094,0.7108359746228197,1.0,1.0,1.0,False
rs885479,PUR,104,85,18,1,0.0018832050701675092,0.9653859373779488,1.0,1.0,1.0,False
rs885479,STU,102,95,7,0,0.12878456028240884,0.7196955918358487,1.0,1.0,1.0,False
rs885479,TSI,107,105,2,0,0.009522961908152364,0.9222613082722972,1.0,1.0,1.0,False
rs885479,YRI,108,108,0,0,0.0,1.0,1.0,1.0,1.0,False
